c_personid,name_A,c_merged_from_personid,name_B,need_check,source,notes
345968,張斗樞,574893,張斗樞,,None,張斗樞，朝代、籍贯一致
89775,韓光德,362065,韓光德,,None,指數年相近籍貫相同
439438,愛新覺羅溥儀,511323,愛新覺羅溥儀,,None,溥儀. The famous 溥儀
134481,孛兒只斤鐵穆耳,100383,元成宗,need_check,None,帖木兒。The famous 帖木兒/鐵穆耳/元成宗
134481,孛兒只斤鐵穆耳,339730,鐵穆耳,need_check,None,帖木兒。The famous 帖木兒/鐵穆耳/元成宗
565218,俞光蕙,569410,俞光蕙,,None,籍貫、姓名、字等基本信息相同
69596,朱逵,569828,朱逵,,None,籍貫、姓名、字等基本信息相同
206754,詹在泮,220387,詹在泮,,None,詹在泮，籍貫相同，兄姓名相同
128474,法聚,565368,釋法聚,need_check,None,据海鹽縣志兩者信息為同一人
550929,釋道忞,572037,釋道忞,,None,据海鹽縣志兩者信息為同一人
77554,李佐賢,357932,李佐賢,,None,"李佐賢，same zi, same biographical address, no conflict data"
696467,鄭准,93859,鄭准,,32053,鄭准，錯誤地合併了唐代和明代的人物。現新建 696467 以拆分明代人物的信息
567990,慕徽音,122050,慕某,need_check,None,"慕徽音，慕某's altname 徽音詞人 is exact 慕徽音's ""徽音"""
122127,高芝仙,567086,高芝仙,,None,"122127 is from MQWW, but there is no data. MQWW just informed us that these two people can be merged."
683901,吳諒,688156,吳諒,,None,吳諒，籍貫、時代一致，入仕記錄相同
67549,胡旧钫熒,129090,胡濙,need_check,None,胡濙，姓名、基本信息任官為同一人
127135,白圻,291078,白圻,,None,白圻，姓名、親屬關係、入仕方式等為同一人
127135,白圻,311906,白圻,,None,白圻，姓名、親屬關係、入仕方式等為同一人
127135,白圻,351237,白圻,,None,白圻，姓名、親屬關係、入仕方式等為同一人
128796,周仕,464321,周仕,,None,周仕，姓名、任職為同一人
129458,唐傚純,387417,唐傚純,,None,唐傚純，姓名、基本信息為同一人
130558,張瑋,345347,張瑋,,None,張瑋，姓名、基本信息為同一人
512638,汪立名,576576,汪立名,,None,汪立名，據道光《徽州府志》，二人同名且均編過白居易年譜
411288,江炯,576579,江炯,,None,江炯，同名且任官經歷相同
34215,孫慎行,129770,孫愼行,need_check,None,孫慎行，同一人名字為異體字
84376,趙熊詔,366232,趙熊詔,,None,趙熊詔，姓名、基本信息為同一人
84170,趙鳳詔,366609,趙鳳詔,,None,趙鳳詔，姓名、基本信息為同一人
75469,江廷泰,354717,江廷泰,,None,江廷泰，姓名、字號、入仕年份均指向同一人
74797,劉復,369653,劉復,,None,劉復，姓名、基本信息為同一人
34189,洪朴,511560,<待删除>,need_check,None,洪朴，字相同，進士入仕年相同
171111,裴瞿曇,380709,裴瞿曇,,None,裴瞿曇，皆為舒州刺史，姓名獨特
132555,蔣容,279254,蔣容,,None,蔣容，親屬關係、地址、入仕方式屬於同一個人
129057,胡崋,365595,胡華,need_check,None,胡㠏，字相同
34217,唐貴,208755,唐貴,,None,唐貴，地址相同，官職相同
311832,黃俊,362639,黃俊,,None,黃俊，地址相同，出處詞條一致
201253,莊?,361007,莊𥜃,need_check,None,莊𥜃，基本信息相同
133697,龔大有,226988,龔大有,,None,龔大有，入仕信息相同
79203,汪桂,355048,汪桂,,None,汪桂，籍貫、字號、入仕、職官均指向同一人
133696,龔三益,340290,龔三益,,None,龔三益，姓名、籍貫相同
132002,董紹,360631,董紹,,None,董紹，出處相同
132002,董紹,302941,董紹,,None,董紹，出處相同
128153,吳可行,338054,吳可行,,None,吳可行，親屬關係為同一人
132434,褚國祥,219758,褚國祥,,None,褚國祥，親屬關係為同一人
133295,薛近兗,362312,薛近兗,,None,薛近兗，基本信息指為同一人
133312,薛敷政,362350,薛敷政,,None,薛敷政，基本信息指向同一人
133108,錢春,375196,錢春,,None,錢春，基本信息指向同一人
134566,張師繹,345533,張師繹,,None,張師繹，基本信息指向同一人
133696,龔三益,340290,龔三益,,None,龔三益，基本信息指向同一人
131643,程佲,238785,程佲,,None,程佲，親屬、籍貫、姓名均指向同一人
130730,陸大受,370778,陸大受,,None,陸大受，基本信息指向同一人
85231,惲厥初,375999,惲厥初,,None,惲厥初，基本信息指向同一人
133108,錢春,375196,錢春,,None,錢春，姓名、籍貫、指數年相同
130730,陸大受,370778,陸大受,,None,陸大受，姓名、籍貫、入仕方式及年份相同
204487,應存性,323632,應存性,,None,應存性，籍貫相同，親屬關係、職官指向同一人
63311,馮任,355226,馮任,,None,馮任，據雍正寧波府志，其入仕、職官、籍貫均是一人
63311,馮任,499143,馮任,,None,馮任，據雍正寧波府志，其入仕、職官、籍貫均是一人
75007,劉光斗,370554,劉光斗,,None,劉光斗，基本信息指向同一人
75368,劉履旋,370417,劉履旋,,None,劉履旋，基本信息指向同一人
131544,華敦復,362093,華敦復,,None,華敦復，姓名、籍貫相同
126960,毛士龍,348831,毛士龍,,None,毛士龍，姓名、籍貫相同
86869,徐可先,353594,徐可先,,None,徐可先，姓名、入仕等基本信息為同一人
86869,徐可先,500394,徐可先,,None,徐可先，姓名、入仕等基本信息為同一人
128050,李應昇,357381,李應昇,,None,李應昇，姓名、籍貫、字號相同
89516,董巽祥,360725,董巽祥,,None,董巽祥，姓名、入仕等基本信息為同一人
80422,張有譽,346212,張有譽,,None,張有譽，姓名、籍貫相同，指數年相近
78375,吳來儀,352045,吳來儀,,None,吳來儀，姓名、入仕等基本信息為同一人
76727,楊兆魯,364812,楊兆魯,,None,楊兆魯，姓名、入仕等基本信息為同一人
82974,岳鍾淑,370682,岳鍾淑,,None,岳鍾淑，姓名、入仕等基本信息為同一人
75673,許之漸,341315,許之漸,,None,許之漸，姓名、入仕等基本信息為同一人
74656,莊搢,361026,莊搢,,None,莊搢，姓名、基本信息為同一人
87876,陶自悅,373488,陶自悅,,None,陶自悅，姓名、基本信息為同一人
86448,錢人龍,375218,錢人龍,,None,錢人龍，姓名、基本信息為同一人
577340,江銘璜,577374,江銘璜,,None,江銘璜，姓名、親屬、籍貫均為一人
577395,吳延友,697767,吳延支,need_check,None,吳延支、吳延友，按道光《徽州府志》實為一人
37857,張泰交,338382,張泰交,,None,張泰交，別名、入仕、職官、籍貫均為一人
37857,張泰交,346560,張泰交,,None,張泰交，別名、入仕、職官、籍貫均為一人
74647,莊柱,361020,莊柱,,None,莊柱，基本信息同屬一人
74647,莊柱,451656,莊柱,,None,莊柱，基本信息同屬一人
59687,吳龍見,351540,吳龍見,,None,吳龍見，基本信息在方志中為同一個人
74697,莊經畬,360989,莊經畬,,None,莊經畬，基本信息在方志中為同一個人
54398,王光燮,343887,王光燮,,None,王光燮，基本信息在方志中為同一個人
81146,陸廣霖,370692,陸廣霖,,None,陸廣霖，基本信息在方志中為同一個人
74683,莊綸渭,360995,莊綸渭,,None,莊綸渭，基本信息在方志中為同一個人
78503,吳祖修,351954,吳祖修,,None,吳祖修，基本信息在方志中為同一個人
75270,劉煥章,370603,劉煥章,,None,劉煥章，基本信息在方志中為同一個人
75042,劉企埰,370455,劉企埰,,None,劉企埰，基本信息在方志中為同一個人
90499,謝惇,340699,謝惇,,None,謝惇，基本信息在方志中為同一個人
90499,謝惇,454173,謝惇,,None,謝惇，基本信息在方志中為同一個人
76521,楊煒,365338,楊煒,,None,楊煒，基本信息在方志中為同一個人
86806,徐大榕,353905,徐大榕,,None,徐大榕，入仕方式為同一人
73800,呂子班,367949,呂子班,,None,呂子班，基本信息在方志中為同一個人
54987,趙仁基,366229,趙仁基,,None,趙仁基，基本信息在方志中為同一個人
91785,魏襄,351294,魏襄,,None,魏襄，入仕方式為同一人
589814,卜桐高,652477,蔔桐高,need_check,None,卜桐高，基本信息在方志中為同一個人
85444,費庚吉,367536,費庚吉,,None,費庚吉，基本信息在方志中為同一個人
70464,董思駉,360708,董思駉,,None,董思駉，基本信息在方志中為同一個人
89504,董基誠,360674,董基誠,,None,董基誠，入仕方式為同一人
73852,呂倌孫,367967,呂倌孫,,None,呂倌孫，入仕方式為同一人
88748,盛隆,441670,盛隆,,None,盛隆，据基本信息以及道光年間在浙任官三十年推測為同一人
114813,也先帖木兒,114814,也先帖木兒,,None,Hongsu cite 姚璐 from PKU team: 114813与114814均任南台察院监察御史，时间接近，可以考虑合并
19550,李炳,97164,李炳,,None,by PKU team
3410,黃章,477909,黃章,,None,知晉陵（常州），紹興十七年1147，\n任官記錄中，提舉常平茶事這一條出處為八閩通志，為紹興間任，應該是ID3410黃章的任官記錄，且進士時間為1132，應與為3410是同一條記錄，但知縣的任官記錄為紹興十七年，知晉陵，不知是否為3410的
478067,None,478067,None,,None,信息較少，來源重修毗陵志，查出處信息與96645同，而“知縣事”這條重修毗陵志沒有這條，96645也也沒有
40982,李守忠,97047,李大同,need_check,None,by PKU team
97864,王定,451104,王定,,None,by PKU team
21516,唐復,511132,唐復,,None,by PKU team
10241,王介,488712,王介,,None,該條仕宦經歷中，出處為《（乾隆）襄陽府志》中的知襄陽府與10241是一人，但另外通判經歷中的經歷出自《紹興府志》很難確認是同一人的仕宦經歷，不過10241的王介確實曾經有通判經歷。此條人物存疑，或雜糅了信息。
40615,李登,45967,李登,,None,by PKU team
46027,吳文震,394211,吳文震,,None,系統只登記了出處《陽江縣志》，查道光陽江縣志，吳文震字谹發，番禺人，新州通判，可歸並
46027,吳文震,496501,吳文震,,None,信息僅記科舉入仕（未知年）和處出《恩平縣志》，查康熙、道光、乾隆版《恩平縣志》，為番禺人，新州通判有傳，又有字谹發，可歸並
40683,李琳,97175,李琳,,None,查出處《宋兩浙郡守年表》，李琳條是引《吳興志》，而吳興志忠所記為敷文閣待制，非系統所錄徽猷閣待制，另此人仕宦集錄與《海陵集》從時段、頭銜上看存在重合，疑似一人
744,徐起,96749,徐起,,None,系统中太平兴国知楚州经历，来源《宋两淮大郡守易替考》引《淮安府志》，但查《淮安府志》，只记了徐起“知楚州”，而未记其年，而“太宗朝知楚州”此句似乎指上一人袁廓，可能系年上考证有误，系统另一条知湖州记录，实际应为在宋史有传的徐起（仁宗时期），且有知楚州、湖州的记录
744,徐起,469267,徐起,,None,《八闽通志》确有知建宁府的徐起，在仁宗时期（明道）年间，未知是否与《宋史》本传中的徐起是否一人，本传中无此仕宦经历；《江南通志》中有知徐州的徐起，由于本传中徐起也有此仕宦经历，疑为同一人。
38294,王珪,502723,王珪,,None,出處《甘肅通志》，為涇原路都監，其他信息無，疑與38249為同一人
18104,李友直,97031,李友直,,None,出處《宋人傳記資料索引》引《兩浙名賢錄》，此李友直為史浩婿，與18104為同一人，應作消歧
1227,劉湜,464155,劉湜,,None,"吉州|吉水|吉州吉水縣人|熙寧九年登進士第。《萬曆吉安府志》卷五《選舉•進士 •宋》，《光緒吉安府志》卷二一《選舉志•進士 •宋》，《光緒江西通志》卷二一《選舉表•宋進士》。,,337,21"
25199,張鎮,96648,張鎮,,None,据出处《宋福建路郡守年表》，字仲甫，三山人，淳熙壬子进士...；此节录实大谬，原引《民国福建通志》，然福建通志《金石》卷十二已经考证了，说《宋诗纪事拾遗》引《中兴馆阁实录》云云，然考淳熙十二年壬子无举进士科，其为绍定五年，故此张镇其实与25199为同一人。
562906,王沂,562922,王沂,,None,所錄信息，出處，備註一樣，不過562922多了一項社會關係，應是錄重了
39466,朱牧,482475,朱牧,,None,by PKU team
41113,李濬,507724,李濬,,None,從官名知秦州，疑出處《直隸泰州新志》這本書出處系統有誤，經查，無直隸泰州，僅有《直隸秦州新志》，且後者書中有李濬知泰州記錄，但前者無。而從《直隸秦州新志》也可知李濬字德淵，冀州信都人
27048,徐嘉言,43058,徐嘉言,,None,據《攻媿集》和《浪語集》，為迪功郎，溫州州學教授\n由於27048的出處《宋人傳記資料索引》出處《宋詩紀事小傳補正》，查後者又可看到徐嘉言有出處《浪語集》
7092,魏憲,468893,魏憲,,None,查系統出處，《江南通志》中魏憲字令則，吳江人，與ID7092為同一人；未消歧
46735,張深,507716,張深,,None,"据出处《直隶秦州新志》，“金人既得秦州，經畧使張深遣熙河副總管劉惟輔率兵禦之”，\n又据《宋川陕大郡守臣易替考》，P386靖康二年张深条，“《要录》卷一:(建炎正月甲寅)环庆经略使王似、熙河经略使王倚各以兵来会,而泾原经略使席贡、鄜延经略使张深皆不至。”\n同书卷五:“(建炎元年五月壬辰)龙图阁待制、知延安府张深充龙图阁直学士、知京兆府。”\n又P554张深条“《续通鉴》卷九八:(建炎元年五月壬辰)张深充龙图阁直学士、知熙州。”\n《要录》卷五:“(建炎元年五月壬辰)龙图阁待制、知延安府张深充龙图阁直学士、知京兆府。深时将勤王兵来卫,故就用之。后十馀日,深人辞,乃移深知熙州。"
40258,陳埴,47493,陳埴,,None,按《宋人傳記資料索引》，估計引的是《宋元學案》，據人物關係學生車安行，與47493應為一人
38180,王珏,97960,None,need_check,None,仕宦經曆：太學博士，（權）知台州，查出處《宋兩浙路郡守年表》，字叔寶，咸淳進士，仙居人（元豐九域志中有隸兩浙或淮南西路），與38180應為一人
42145,林坰,97305,林坰,,None,據出處《永樂大典》《武陵郡圖經志》稱林司業坰創，嘉定十六（1223）-寶慶元年（1225）有任職記錄，其他關於常德郡知州林坰者信息較少，又考42145林坰字宗鲁者，《淳熙三山志》曾任過国子司业，官至湖北提刑，疑為一人
51836,劉澤,469632,劉澤,,None,出處《江南通志》，由於與賈仲和並列，記為“知揚州”，疑與51836同一人
55,陳繹,468758,陳繹,,None,洛陽人，慶曆初進士\n《宋史》本傳，“元豐初，知廣州。庫有檀香佛像，繹以木易之。事覺，有司當爲官物有剩利。帝曰：“是以事佛麗重典矣。”時繹已加龍圖閣待制、知江寧府，乃貶建昌軍，奪其職。”\n《蘇魏公集》墓志：“上賜詔書奬諭官制行改太中大夫尨圖閣待制知江寕府踰年左迁中大夫知建昌軍”。\n據《江南通志》，為江寧府知府\n據55生平，有知江寧府經歷，疑為一人
74694,莊詵男,360969,莊詵男,,None,莊詵男，入仕方式為同一人
128707,芮善,361073,芮善,,None,芮善，入仕方式為同一人
221319,吳嶔,307498,吳嶔,,None,吳嶔，基本信息在方志中為同一個人
15159,李栖筠,160196,李棲筠,need_check,None,李栖筠，根据亲属关系（子 李吉甫、孙 李德裕）和官职（御史大夫）判断，这两人应为同一人
90979,蔡元宸,363225,蔡元宸,,None,蔡元宸，基本信息在方志中為同一個人
76612,楊大鶴,364912,楊大鶴,,None,楊大鶴，基本信息在方志中為同一個人
76612,楊大鶴,499931,楊大鶴,,None,楊大鶴，基本信息在方志中為同一個人
73461,包桂,353389,包桂,,None,姓名相同，籍貫均為錢塘，指數年接近。
85398,祝元仁,356914,祝元仁,,None,祝元仁，姓名、籍貫相同。
76786,楊述曾,364835,楊述曾,,None,楊述曾，基本信息在方志中為同一個人
74712,莊朝生,361024,莊朝生,,None,莊朝生，基本信息在方志中為同一個人
88697,龔廷歷,340303,龔廷歷,,None,龔廷歷，基本信息在方志中為同一個人
55616,巢震林,350094,巢震林,,None,巢震林，基本信息在方志中為同一個人
75284,劉維烈,369461,劉維烈,,None,劉維烈，基本信息在方志中為同一個人
81628,陳玉璂,371058,陳玉璂,,None,陳玉璂，基本信息在方志中為同一個人
235747,何爾徤,349115,何爾健,need_check,None,何爾徤、何爾健為同一人
205058,劉翾,335698,劉翾,,None,籍贯相同、亲属重合
131900,楚煙,362409,楚煙,,None,楚煙，籍貫都為曹州，中進士與字為一人
338403,徐永宣,353783,徐永宣,,None,徐永宣，基本信息在方志中為同一個人
74667,莊令輿,361040,莊令輿,,None,莊令輿，基本信息在方志中為同一個人
85236,惲鶴生,438251,惲鶴生,,None,惲鶴生，基本信息在方志中為同一個人
89658,蔣和寧,361321,蔣和寧,,None,蔣和寧，基本信息在方志中為同一個人
84376,趙熊詔,366232,趙熊詔,,None,趙熊詔，基本信息在方志中為同一個人
89728,蔣麟昌,361278,蔣麟昌,,None,蔣麟昌，基本信息在方志中為同一個人
55004,管世銘,124528,管世銘,,None,管世銘，1著作與2別名相合，1社會關係人籍貫為武進與2同，推測為同一人
83571,周景益,373312,周景益,,None,周景益，基本信息在方志中為同一個人
87184,奚寅,348751,奚寅,,None,奚寅，基本信息在方志中為同一個人
63395,朱虛,466363,朱虛,,None,朱虛，字號籍貫重合
87480,郭世純,340996,郭世純,,None,郭世純，出生年相近，籍貫重合，應為一人
84284,趙學轍,366617,趙學轍,,None,趙學轍，基本信息在方志中為同一個人
81196,陸壽昌,370792,陸壽昌,,None,陸壽昌，基本信息在方志中為同一個人
95419,吳儀澄,351824,吳儀澄,,None,吳儀澄，据《閨海吟》、《武進陽湖縣志》、《祥符縣志》，兩者為同一人
22850,宇文价,96273,宇文价,,None,宇文价，多條任官（含任官地、任官時間）記錄重合
24710,游佀,412559,<待删除>,need_check,None,游佀，紹興府知府，宋代。
78559,吳頡鴻,352048,吳頡鴻,,None,吳頡鴻，入仕時間同爲道光十三年
70152,董祐誠,89501,董祐誠,,None,董祐誠，指數年相同，基本信息相同
74724,莊縉度,360990,莊縉度,,None,莊縉度，入仕時間同爲道光十五年
84326,趙振祚,366526,趙振祚,,None,趙振祚，入仕時間同爲道光十五年
25535,趙師𢍰,99554,趙師𢍰,,None,趙師𢍰，大量重合的任官記錄
25535,趙師𢍰,425956,趙師𢍰,,None,趙師𢍰，大量重合的任官記錄
25535,趙師𢍰,96417,趙師𢍰,,None,趙師𢍰，大量重合的任官記錄
82014,陳亮疇,370910,陳亮疇,,None,陳亮疇，入仕時間同爲咸豐三年
198975,武清,199710,武清,,None,武清，時代、姓名、字號均相同
58702,陳世倌,689216,陳世倌,,None,陳世倌，籍貫相同
132903,劉綿祚,369608,劉綿祚,,None,劉綿祚，入仕時間同爲崇禎四年
54390,葉紹楏,363509,葉紹楏,,None,葉紹楏，字皆為「振湘」。籍貫相同。皆為鄉試考官與學正
7320,上官恢,387783,上宫恢,need_check,None,"上官恢, 皆任官安徽境內。時代重合。姓名特別。特殊的姓名宋代同名者，且同時，且任官地相近，概率極低"
87934,堵胤錫,551207,堵允錫,need_check,None,堵允錫，別名相同
81169,陸爾熙,370703,陸爾熙,,None,陸爾熙，基本信息為同一人
75533,湯大奎,356882,湯大奎,,None,湯大奎，基本信息為同一人
75533,湯大奎,507342,湯大奎,,None,湯大奎，基本信息為同一人
582346,何豫綸,582347,何豫綸,,None,何豫綸，官職入仕信息為同一人
85886,袁績懋,359650,袁績懋,,None,袁績懋，同為道光二十七年進士
126573,王忠,244852,王守正,need_check,None,王忠，親屬關係為同一人
71680,王作孚,342444,王作孚,,None,王作孚，生年相近，祖籍相同
141,喬維岳,96120,喬惟岳,need_check,None,"喬維岳, 喬惟岳, 劉維嶽，多個官名相互匹配"
141,喬維岳,468800,<待删除>,need_check,None,"喬維岳, 喬惟岳, 劉維嶽，多個官名相互匹配"
10264,邊維嶽,99730,邊維岳,need_check,None,邊維嶽，邊維岳。信息可通過永樂大典合併「邊維岳。字申父。右通議大夫」
26551,陳巖肖,98544,陳岩肖,need_check,None,"陳巖肖, 陳岩肖。均知台州，姓名特别，时代重合"
87121,徐騰暉,354106,徐騰暉,,None,徐騰暉，姓名，時間，籍貫相同
78006,李徵蘭,698469,李徵蘭,,None,李徵蘭，姓名，時間，籍貫相同
74681,莊應熙,233204,莊應熙,,None,莊應熙，親屬關係為同一人
75901,孫讓,347378,孫讓,,None,孫讓，姓名，時間，籍貫相同
56947,博爾濟吉特僧格林沁,510991,僧格林沁,need_check,None,博爾濟吉特僧格林沁，僧格林沁為一人
126438,王康,341716,王一寧,need_check,None,王康，字一甯，以字行，籍貫相同，同為永樂十六年進士
124973,譚綸,696492,譚論,need_check,None,譚綸，譚論。官名相同。出處相同，其中“譚論”的錄入來自一處形近訛誤。
65590,宋琬,473720,宋琬,,None,姓名相同。根據已有官名、入仕信息等推測均為同一人。
65590,宋琬,696533,宋琬,,None,姓名相同。根據已有官名、入仕信息等推測均為同一人。
30472,任玠,95129,任玠,,None,任玠，姓名籍貫字均相同；95129的官职录入為團練判官，应为30472的“團練推官”，已刪除95129的“團練判官”
319765,應巨,696181,應巨,,None,應巨，姓名相同，親屬相同（319765的重孫與按照人物關係推導出的696181的重孫為同兩人）
206591,周應治,222113,周應治,,None,周應治，姓名、籍貫相同、生年差一年
89462,董達存,360655,董達存,,None,董達存，入仕情況為同一人
63413,朱鼎延,350730,朱鼎延,,None,朱鼎延，姓名、籍貫相同、生年差一年
208758,莊氏(唐鶴徵母),287339,莊氏(唐順之妻),need_check,None,莊氏，親屬關係為同一人
84334,趙繼鼎,366255,趙繼鼎,,None,趙繼鼎，基本信息一致，指數年相近
128144,吳中行,122146,吳復菴,need_check,None,吳中行，與女兒親屬關係為同一人，名號為同一人
133312,薛敷政,362350,薛敷政,,None,薛敷政，基本信息一致，指數年相近
72331,毛羽皇,348790,毛羽皇,,None,毛羽皇，基本信息一致，指數年相近
128109,邢玠,348289,邢玠,,None,邢玠，姓名、籍貫、入仕年一致。
95359,徐璇,569038,徐璿,need_check,None,徐璇，籍貫、字、著述為同一人
34251,吳育,438069,吳育,,None,吳育，籍貫、字為同一人
90556,謝良琦,442789,謝良琦,,None,謝良琦，籍貫、字為同一人
77307,李長祥,359167,李長祥,,None,李長祥，指數年相近，入仕情況、籍貫相同
86320,顧咸建,355561,顧咸建,,None,顧咸建，籍貫、字為同一人
33250,何玉如,349105,何玉如,,None,何玉如，籍貫、字為同一人
127821,李承式,218254,李承式,,None,李承式，籍貫、字為同一人
34510,倪岳,257847,倪岳,,None,倪岳，籍貫相同，指數年接近
128732,金紳,269545,金紳,,None,金紳，籍貫、任官等信息為同一人
34509,倪謙,257842,倪謙,,None,倪謙，籍貫、任官等信息為同一人
34509,倪謙,327086,倪謙,,None,倪謙，籍貫、任官等信息為同一人
129702,孫子良,262310,孫子良,,None,孫子良，籍貫、任官、入仕信息為同一人
129702,孫子良,347451,孫子良,,None,孫子良，籍貫、任官、入仕信息為同一人
130756,陸溥,370761,陸溥,,None,陸溥，基本信息一致，指數年相近
133101,錢宏,375116,錢宏,,None,錢宏，基本信息一致，指數年相近
128184,吳玭,288391,吳玭,,None,吳玭，基本信息一致，指數年相近
128184,吳玭,351619,吳玭,,None,吳玭，基本信息一致，指數年相近
232015,姚良弼,202863,姚良弼,,None,姚良弼，基本信息一致，指數年相近
131912,葛寅亮,362213,葛寅亮,,None,葛寅亮，姓名相同，都是1601年進士
131912,葛寅亮,385159,葛寅亮,,None,葛寅亮，姓名相同，都是1601年進士
68016,洪鍾,551414,洪鐘,need_check,None,洪鐘，基本信息一致
68016,洪鍾,470181,洪鐘,need_check,None,洪鐘，基本信息一致
203941,許嶽,470596,許嶽,,None,許嶽，任官信息為同一人
54291,錢受益,375088,錢受益,,None,錢受益，基本信息為同一人
34486,金幼孜,66728,金善,need_check,None,by PKB
135528,吳廷翰,312825,吳廷翰,,None,by PKB
122655,張元抃,130335,張元忭,need_check,None,by PKB
34519,何文淵,254713,何文淵,,None,by PKB
66378,周顯,103933,周顯,,None,by PKB
15471,黃疇若,550341,黃疇若,,None,by PKB
76068,孫希旦,347646,孫希旦,,None,by PKB
93093,李群玉,439055,李群玉,,None,by PKB
131550,華鈺,362140,華鈺,,None,by PKB
222080,朱國禎,233254,朱國禎,,None,by PKB
